date,US_Confirmed,US_Death,US_Retail_Rec,US_Grocery_Pharm,US_Parks,US_Transit,US_Workplaces,US_Residential,New_York_Confirmed,New_York_Deaths,New_York_Retail_Rec,New_York_Grocery_Pharm,New_York_Parks,New_York_Transit,New_York_Workplaces,New_York_Residential,Texas_Confirmed,Texas_Deaths,Texas_Retail_Rec,Texas_Grocery_Pharm,Texas_Parks,Texas_Transit,Texas_Workplaces,Texas_Residential,California_Confirmed,California_Deaths,California_Retail_Rec,California_Grocery_Pharm,California_Parks,California_Transit,California_Workplaces,California_Residential,Florida_Confirmed,Florida_Deaths,Florida_Retail_Rec,Florida_Grocery_Pharm,Florida_Parks,Florida_Transit,Florida_Workplaces,Florida_Residential,Illinois_Confirmed,Illinois_Deaths,Illinois_Retail_Rec,Illinois_Grocery_Pharm,Illinois_Parks,Illinois_Transit,Illinois_Workplaces,Illinois_Residential
3/15/20,3212,70,-178,40212,13907,394,-9648,2399,633,10,-16,1554,1427,-425,-186,97,63,0,695,2647,-323,890,-836,127,373,5,-776,593,-1164,-736,-464,212,100,3,138,1004,1242,-7,-257,78,66,0,438,2337,369,-8,-99,62
3/16/20,4650,97,-1629,59013,5567,-5113,-33719,8507,961,21,-3,2314,431,-579,-949,380,85,0,590,3487,182,364,-3035,526,557,7,-542,1281,-835,-963,-1137,407,101,3,58,1181,434,-240,-1040,231,83,0,-41,2485,-311,-271,-834,283
3/17/20,6434,132,-29364,41208,11602,-7520,-50837,12647,1407,35,-1421,1067,-13,-735,-1518,645,110,1,-355,3070,526,83,-3820,744,700,12,-1118,684,-272,-1058,-1566,563,190,5,-329,1122,402,-272,-1247,323,161,1,-1874,1540,774,-261,-2025,412
3/18/20,9089,191,-43992,31317,12717,-9921,-61047,14913,2507,60,-1581,835,1036,-832,-1822,716,196,4,-799,3349,796,245,-4061,853,831,16,-1350,478,-459,-1239,-1835,657,306,7,-735,840,429,-509,-1471,415,272,1,-2580,976,-532,-422,-2363,562
3/19/20,13574,264,-56588,27706,6523,-15324,-67955,17247,4221,88,-1850,573,261,-1030,-2012,815,306,5,-2067,3232,383,-370,-4472,987,1009,18,-1472,400,-70,-1270,-1958,700,432,9,-1024,721,179,-777,-1592,476,422,4,-2912,1173,-374,-575,-2477,604
3/20/20,19927,363,-71284,23423,7401,-19840,-71386,19024,7660,143,-2071,655,480,-1315,-2211,964,429,5,-4516,1807,-1564,-1069,-4918,1275,1243,24,-2087,-129,-490,-1552,-2196,822,564,11,-1492,665,-275,-1044,-1750,596,585,5,-2686,2378,-331,-562,-2577,582
3/21/20,25911,462,-84401,12366,9682,-18703,-40623,8362,10410,195,-2412,167,1197,-1202,-1471,381,582,6,-6350,-96,-2750,-1457,-2450,616,1412,25,-2540,-675,-818,-1677,-1622,554,763,13,-2121,290,-1002,-1151,-1184,408,753,6,-3817,894,-133,-630,-1465,250
3/22/20,34697,571,-87080,-14983,4178,-24947,-55361,6809,15191,249,-2623,-608,722,-1584,-1740,323,643,8,-6262,-1192,-2084,-1693,-3474,493,1651,30,-2537,-945,-442,-1584,-1837,436,1004,13,-2269,-333,-777,-1440,-1674,376,1049,9,-4815,-1970,-841,-1076,-2273,269
3/23/20,45908,759,-77167,-6984,-11461,-27081,-83088,19872,20884,351,-3312,-1687,-1267,-1834,-2914,1136,758,10,-4785,-304,-444,-1457,-4786,1126,2113,39,-2165,-861,-1015,-1841,-2358,822,1227,18,-1970,-324,-1147,-1366,-1945,599,1285,12,-3667,-918,-434,-944,-3570,689
3/24/20,56464,998,-86032,-19616,466,-25381,-95219,22196,25681,475,-2786,-941,122,-1487,-2964,1109,955,15,-4317,-127,439,-1109,-5581,1239,2542,50,-2284,-907,-1325,-1846,-2527,897,1412,18,-2085,-417,-1229,-1273,-2164,683,1537,16,-3749,-858,-171,-883,-3766,728
3/25/20,68481,1322,-83023,-19803,2249,-26935,-99279,22394,30841,632,-2784,-1008,-257,-1626,-2980,1149,1229,19,-4211,-523,369,-1240,-5921,1340,3009,65,-2323,-938,-1025,-1897,-2570,894,1682,23,-2091,-487,-1165,-1345,-2254,702,1865,19,-3224,-611,650,-800,-3757,684
3/26/20,86353,1730,-85103,-20160,10157,-29125,-101409,22782,37397,867,-2490,-690,1156,-1602,-2959,1090,1563,25,-4884,-1088,115,-1642,-6128,1389,3910,81,-2246,-843,-771,-1799,-2583,894,2357,29,-2191,-549,-1179,-1562,-2311,730,2538,26,-3428,-537,-186,-902,-3766,723
3/27/20,104970,2247,-94267,-25636,6465,-34775,-99144,23688,44701,1139,-2716,-934,1186,-1846,-2954,1168,1937,34,-6211,-1972,-590,-2188,-6238,1492,4679,94,-2468,-903,-949,-1945,-2499,924,2900,35,-2398,-685,-1414,-1839,-2362,836,3024,34,-3744,-639,-69,-1037,-3699,744
3/28/20,124464,2879,-101924,-30242,-9907,-34879,-60167,10184,52400,1492,-3132,-1311,-517,-1891,-2119,488,2455,39,-6749,-2896,-1755,-2776,-3411,717,5110,110,-2749,-1164,-2301,-2108,-1913,623,3763,54,-2560,-852,-1754,-1976,-1760,530,3491,47,-4047,-746,-290,-1042,-2170,306
3/29/20,143366,3465,-89615,-35564,-2503,-35325,-67642,7682,59648,1874,-3017,-1367,-726,-1999,-2153,381,2792,47,-6334,-3301,-1149,-2869,-4182,571,5863,124,-2680,-1223,-1444,-1784,-2061,482,4246,56,-2559,-1155,-1509,-2043,-2139,444,4596,66,-3544,-954,-224,-1082,-2285,228
3/30/20,165319,4154,-83031,-28668,-3225,-33175,-100840,21546,66663,2286,-2686,-1103,-488,-1865,-3018,1118,3147,57,-6118,-2825,-1770,-2532,-6279,1428,7155,146,-2207,-1018,-888,-1915,-2502,816,5473,63,-2260,-930,-1504,-1732,-2289,707,5056,73,-2658,-477,361,-880,-3639,658
3/31/20,191609,5239,-86747,-26506,-4417,-30599,-108889,23514,75853,2775,-2606,-1008,-86,-1644,-3115,1137,3809,68,-4919,-1663,-246,-1869,-6700,1428,8233,173,-2102,-741,-555,-1767,-2654,851,6741,85,-2274,-904,-1886,-1509,-2439,784,5994,99,-3220,-605,-242,-888,-3886,704
4/1/20,217369,6404,-74481,-7432,3593,-29325,-109546,22906,83948,3411,-2341,-537,761,-1643,-3108,1123,4355,85,-4344,-594,105,-1677,-6800,1378,9410,199,-1995,-532,-687,-1748,-2612,842,6956,87,-1772,71,-1481,-1452,-2482,741,6980,141,-2694,72,496,-783,-3859,695
4/2/20,247723,7905,-85869,-11703,1559,-33290,-111536,23904,92506,4138,-2543,-669,334,-1805,-3132,1139,5069,100,-5883,-1722,-945,-2287,-7081,1536,10790,238,-2088,-525,-662,-1858,-2656,882,9008,164,-2037,-129,-1642,-1609,-2525,775,7695,163,-3213,-66,610,-860,-3885,689
4/3/20,279709,9290,-93949,-10610,-6909,-38598,-109196,24895,102987,4899,-2851,-790,-844,-2081,-3148,1282,5734,118,-7346,-2304,-2272,-2920,-7136,1714,12016,265,-2205,-540,-979,-1912,-2577,895,10268,170,-2775,-820,-2160,-2076,-2730,930,8904,210,-3210,51,568,-936,-3861,694
4/4/20,312559,10817,-107874,-19529,-7756,-38199,-67027,10398,113833,5686,-2875,-788,1266,-1801,-2199,467,6567,135,-8911,-3996,-4094,-3594,-4558,863,12837,289,-2813,-1028,-2828,-2277,-2034,624,11537,195,-3038,-1084,-2493,-2270,-2050,621,10357,244,-3946,175,-101,-1032,-2245,299
4/5/20,340700,12397,-97313,-28587,3192,-39934,-73089,7773,123160,6596,-2767,-936,786,-1816,-2211,358,7209,163,-7826,-4044,-2489,-3662,-4803,588,15034,348,-2979,-1348,-2742,-2035,-2268,530,12350,221,-3309,-1618,-2850,-2507,-2450,535,11259,274,-3409,-369,660,-1061,-2376,226
4/6/20,370846,14166,-49918,-15777,5589,-35480,-108786,22114,131815,7657,-1954,-490,1134,-1752,-3088,1056,8043,182,-3527,-1490,-1455,-2810,-6663,1454,16024,380,-1913,-796,-1796,-2101,-2677,903,13324,236,-2156,-1072,-1913,-1939,-2676,797,12262,307,-1512,-275,257,-941,-3819,653
4/7/20,402176,16734,-50023,-13624,9482,-31838,-115443,23277,139875,8930,-2292,39,909,-1530,-3179,1100,8925,195,-3319,-1219,-313,-2345,-7245,1493,17351,432,-1828,-733,-1031,-1883,-2701,903,14545,283,-2110,-970,-1749,-1736,-2773,839,13553,380,-1458,-156,708,-783,-4008,670
4/8/20,434140,18879,-50023,-12736,7340,-32331,-116679,23371,151061,9879,-2594,-28,201,-1652,-3196,1158,9777,221,-3184,-1040,-179,-2128,-7280,1471,18897,495,-1902,-818,-1308,-1912,-2752,924,15456,309,-2092,-942,-1765,-1774,-2810,844,15078,462,-1539,-237,290,-866,-4056,703
4/9/20,468719,21098,-52084,-10961,-4705,-36239,-118367,24538,161779,10929,-2707,-89,-684,-1860,-3248,1230,11208,247,-3349,-983,-827,-2581,-7429,1534,19710,544,-1962,-733,-1635,-2043,-2792,971,16364,354,-2098,-828,-1806,-1851,-2823,856,16422,528,-1604,-66,-191,-1006,-4125,731
4/10/20,502206,23310,-59469,-11328,-3511,-42340,-132430,25367,172348,11850,-2883,-113,-858,-2072,-3498,1316,12105,272,-3717,-1140,-1018,-3477,-9301,1685,21081,583,-2053,-669,-1299,-2026,-2784,984,17531,390,-2305,-819,-2006,-2145,-3127,963,17887,597,-1771,42,344,-1045,-4730,741
4/11/20,531497,25435,-61440,-4767,1366,-39704,-70145,9842,181026,12772,-2566,586,1106,-1748,-2266,465,13023,304,-4066,-968,-3182,-3950,-4503,775,21717,604,-2243,-515,-1700,-1847,-2018,596,18494,438,-2265,-649,-2194,-2239,-2050,581,19180,677,-1826,149,439,-1042,-2380,281
4/12/20,558347,27242,-84039,-51062,-19330,-46888,-87762,7905,189033,13710,-3495,-2319,684,-1867,-2570,362,13677,325,-5090,-3908,-2784,-3957,-5580,561,22800,640,-2846,-1324,-1666,-1851,-2269,479,19895,461,-3072,-2446,-2567,-2539,-2716,512,20852,720,-2530,-1090,114,-1288,-2939,223
4/13/20,584132,29187,-52792,-23594,-16203,-38938,-113180,23377,195749,14728,-2761,-1352,-979,-2018,-3178,1209,14275,351,-3022,-1409,-1335,-2811,-6870,1395,23934,714,-1839,-898,-1014,-1832,-2569,833,21019,499,-2081,-1001,-2087,-2018,-2694,785,22025,798,-1448,-427,-344,-1052,-3909,686
4/14/20,612703,31639,-47287,-16302,-611,-32630,-110232,23615,203020,15608,-2350,-623,478,-1655,-3084,1141,15006,388,-2865,-1315,-1073,-2492,-6941,1516,25389,767,-1704,-718,-541,-1645,-2569,844,21628,571,-2016,-973,-2209,-1709,-2698,848,23248,868,-1504,-355,-220,-955,-3916,731
4/15/20,642656,34242,-35766,-8283,-1936,-30755,-109478,22994,214454,16394,-2181,-522,207,-1772,-3080,1155,15907,422,-1845,-481,-278,-2104,-6711,1398,26686,860,-1827,-527,-751,-1670,-2588,835,22511,596,-1746,-800,-2219,-1725,-2725,831,24593,949,-1186,-164,-304,-853,-3859,724
4/16/20,674110,36413,-42485,-10146,-484,-33635,-109215,23733,223691,17137,-2383,-573,-93,-1901,-3088,1184,16876,463,-2346,-755,21,-2381,-6776,1424,27677,956,-2282,-513,-929,-1703,-2570,871,23343,668,-1851,-798,-2225,-1824,-2681,854,25734,1072,-1295,-55,-36,-980,-3783,724
4/17/20,706890,38503,-54464,-17930,-4556,-37761,-105871,24503,230597,17614,-2674,-844,-334,-2060,-3062,1223,17849,503,-3293,-1456,-1445,-2802,-6755,1575,29157,1037,-2708,-642,-1439,-1813,-2517,922,24759,725,-2060,-891,-1850,-2008,-2653,884,27578,1132,-1893,-485,-514,-1138,-3874,762
4/18/20,734688,40460,-55185,-13818,-2805,-33071,-59326,9592,237403,18175,-2790,-894,-141,-1835,-2132,480,18704,529,-3410,-1421,-2181,-3123,-3515,686,30511,1140,-2653,-630,-1720,-1734,-1776,569,25492,748,-2230,-1017,-2650,-2162,-1905,583,29160,1259,-1521,-58,813,-778,-1913,251
4/19/20,760274,42389,-47668,-19308,5984,-35959,-66722,7214,243551,18699,-2355,-895,1124,-1740,-2012,331,19260,546,-3257,-1900,-1996,-3368,-4302,540,31431,1177,-2546,-704,-955,-1585,-1884,432,26314,774,-2032,-921,-1828,-2224,-2141,443,30357,1290,-1205,-326,1047,-922,-2099,200
4/20/20,788657,44574,-39133,-14782,5589,-32379,-102444,21177,248631,19670,-2169,-682,561,-1744,-2950,1050,19751,563,-2375,-1209,-401,-2414,-6243,1301,33686,1225,-2284,-670,-1215,-1739,-2463,808,27059,822,-1905,-1011,-2079,-1936,-2577,774,31513,1349,-1051,-254,543,-821,-3655,639
4/21/20,814649,47121,-39671,-11706,4244,-29075,-106674,22406,253496,20341,-2436,-834,-578,-1739,-3044,1170,20664,601,-2321,-983,87,-2208,-6697,1381,35480,1282,-2228,-512,-579,-1638,-2507,821,27869,867,-1739,-752,-1434,-1570,-2557,764,33059,1468,-1152,-155,339,-780,-3848,701
4/22/20,843991,49556,-40655,-11267,2347,-29216,-107950,22654,258427,20859,-2445,-701,-98,-1728,-3026,1171,21321,626,-2633,-1027,-519,-2149,-6702,1505,37352,1421,-2246,-513,-689,-1629,-2538,831,28309,893,-1735,-733,-1247,-1583,-2606,781,35107,1565,-1213,-190,332,-738,-3830,687
4/23/20,877255,52019,-45878,-12978,-3217,-31893,-108685,24015,263460,21516,-2409,-604,23,-1795,-3001,1144,22650,676,-2260,-604,469,-2041,-6599,1368,39561,1533,-2256,-457,-588,-1639,-2553,842,29648,987,-1950,-843,-2027,-1710,-2657,828,36937,1688,-1374,-144,19,-942,-3792,707
4/24/20,910959,54165,-50124,-14289,1307,-34091,-103794,23418,271590,22069,-2594,-833,-382,-2005,-3006,1231,23642,699,-2716,-880,74,-2240,-6625,1413,41355,1621,-2527,-489,-719,-1668,-2467,868,30533,1046,-2147,-995,-2431,-2073,-2675,939,39658,1795,-1629,-290,102,-1002,-3641,689
4/25/20,942728,55857,-49936,-9298,13698,-27871,-56977,8633,282143,22505,-2307,-323,1657,-1315,-1908,365,24153,720,-2734,-646,50,-2334,-3261,567,42368,1689,-2526,-426,-992,-1579,-1716,518,30839,1055,-1971,-660,-1913,-1877,-1775,514,41777,1875,-1857,-250,-567,-950,-2091,299
4/26/20,969762,57184,-41829,-13277,3426,-30701,-63952,6767,288045,22910,-2537,-1007,-1303,-1983,-2134,363,24967,738,-2269,-971,-5,-2469,-3987,450,43559,1725,-2405,-486,-398,-1408,-1833,398,31532,1075,-1933,-827,-1546,-2032,-2094,431,43903,1933,-1038,-137,1390,-676,-1991,181
4/27/20,992917,58650,-32805,-9431,5552,-28215,-96852,20392,291996,23391,-2160,-623,-232,-1713,-2872,1087,25412,760,-1952,-789,-248,-2000,-5934,1252,44972,1779,-2110,-453,-584,-1576,-2375,761,32138,1088,-1587,-686,-1221,-1676,-2372,702,45883,1983,-983,-167,229,-716,-3472,638
4/28/20,1017580,60889,-32628,-6219,13204,-24559,-103074,13294,295106,23726,-1924,-317,1402,-1450,-2910,711,26357,800,-2086,-668,-157,-1926,-6490,865,46164,1864,-2076,-366,-332,-1470,-2465,431,32848,1171,-1581,-574,-1268,-1387,-2477,492,48102,2125,-1061,-99,432,-670,-3726,433
4/29/20,1045392,63410,-32306,-5474,5563,-25496,-103815,21578,299691,24172,-2084,-443,207,-1581,-2912,1062,27369,834,-1680,-274,155,-1742,-6482,1344,48747,1946,-2044,-418,-651,-1600,-2482,788,33193,1218,-1562,-592,-1324,-1434,-2532,749,50358,2215,-1238,-191,-731,-864,-3773,755
4/30/20,1074778,65824,-33371,-3798,2253,-25786,-102966,21913,304372,24542,-2210,-529,-583,-1718,-2936,1147,28727,889,-1647,-82,767,-1582,-6314,1260,50130,2031,-1931,-272,-419,-1499,-2460,780,33690,1268,-1617,-609,-1727,-1535,-2521,767,52918,2355,-966,171,377,-712,-3635,666
5/1/20,1108962,67700,-33518,190,16079,-24227,-97260,20262,308314,24911,-2153,-293,169,-1769,-2870,1158,29692,914,-1751,12,551,-1662,-6171,1200,52026,2126,-2026,-162,-520,-1424,-2351,793,34728,1314,-1520,-359,-693,-1489,-2404,735,56055,2457,-1173,-19,869,-638,-3543,614
5/2/20,1136782,69386,-35634,2985,27956,-17954,-49686,6835,312977,25201,-1886,15,1928,-1124,-1752,336,30917,933,-1863,63,535,-1774,-2805,465,53347,2180,-2223,-192,-948,-1411,-1557,483,35463,1364,-1650,-346,-755,-1468,-1522,416,58505,2559,-1166,115,1235,-402,-1694,177
5/3/20,1161233,70480,-28170,-2067,28274,-21646,-53682,5246,316415,25484,-1475,-15,2710,-1273,-1623,233,31998,948,-1522,-412,135,-1744,-3171,371,54903,2216,-2071,-232,-190,-1221,-1569,370,36078,1379,-1570,-436,-415,-1703,-1767,355,61499,2618,-905,-81,1468,-613,-1815,159
5/4/20,1184600,71792,-23661,-1478,12880,-23044,-90209,17978,318953,25837,-1801,-268,426,-1624,-2746,974,32783,972,-1270,-372,96,-1629,-5500,1081,55884,2278,-1793,-205,-335,-1416,-2243,679,36897,1399,-1221,-472,-762,-1421,-2171,595,63777,2659,-869,-53,191,-708,-3405,598
5/5/20,1209082,74094,-23684,3444,12351,-21035,-94858,19505,321192,26119,-1590,119,1102,-1323,-2758,946,33912,995,-1179,4,329,-1646,-5957,1182,58456,2381,-1767,29,-181,-1316,-2301,718,37439,1471,-1183,-269,-795,-1237,-2248,636,65889,2834,-1023,45,-299,-749,-3554,709
5/6/20,1234180,76443,-25408,1381,14254,-20756,-94652,19489,323978,26689,-1956,-247,149,-1573,-2775,1021,34928,1025,-1050,141,1009,-1478,-5805,1157,60616,2464,-1875,-191,-301,-1422,-2340,741,38002,1539,-1262,-396,-536,-1239,-2270,654,68232,2974,-913,99,715,-531,-3473,638
5/7/20,1261908,78368,-26581,3538,23462,-20159,-94318,19342,327469,26916,-1839,46,1312,-1350,-2749,967,36036,1058,-1317,104,944,-1508,-5823,1175,62148,2535,-1859,-68,-179,-1362,-2348,740,38828,1600,-1224,-337,-431,-1239,-2251,651,70871,3111,-972,146,973,-585,-3460,628
5/8/20,1288661,80110,-35776,188,8640,-23975,-92190,20773,330407,27233,-2205,-189,-14,-1592,-2741,1128,37246,1096,-1629,33,128,-1626,-5805,1224,63800,2613,-1951,-32,-371,-1454,-2248,746,39199,1669,-1302,-249,-418,-1323,-2233,671,73760,3241,-1306,82,406,-624,-3434,656
5/9/20,1313612,81659,-29309,16370,17615,-18066,-43971,6632,333122,27454,-2160,324,93,-1394,-1718,410,38394,1132,-1113,1164,539,-1549,-2329,370,66572,2687,-1953,433,-432,-1262,-1405,397,40001,1715,-1170,172,-588,-1230,-1273,337,76085,3349,-1038,623,973,-410,-1438,173
5/10/20,1332442,82545,-24181,9049,21099,-20439,-45783,4179,335395,27627,-1687,109,1250,-1326,-1479,247,39258,1158,-1042,860,530,-1702,-2488,224,67600,2716,-1956,355,-355,-1074,-1360,289,40596,1721,-1246,-161,-1355,-1526,-1542,306,77741,3406,-1042,156,-251,-745,-1643,167
5/11/20,1351830,83548,-27538,-5835,6424,-21830,-85519,18182,337055,27824,-2064,-608,-102,-1541,-2631,1005,40555,1176,-1201,-406,490,-1476,-5279,1030,69329,2779,-1901,-429,-822,-1468,-2196,690,40982,1735,-1178,-532,-671,-1278,-2036,568,79007,3459,-1070,-185,243,-636,-3242,597
5/12/20,1374542,85159,-24672,-436,15046,-19364,-88663,18749,338485,28042,-1781,-186,845,-1209,-2632,953,41668,1207,-1287,-374,-39,-1541,-5559,1236,70980,2879,-1864,-262,-633,-1410,-2241,736,41923,1779,-1104,-384,-585,-1105,-2045,596,83021,3601,-1005,-49,585,-535,-3387,612
5/13/20,1395479,86904,-21908,1123,21700,-18572,-88575,18444,340661,28247,-1677,-95,1396,-1201,-2621,928,43020,1233,-885,97,794,-1331,-5476,1117,72798,2957,-1830,-261,-544,-1474,-2246,738,42402,1827,-1042,-416,-339,-1154,-2099,601,84694,3792,-986,-24,496,-569,-3379,629
5/14/20,1422694,88679,-28118,2448,19610,-19685,-89239,18131,343051,28408,-1895,-97,1229,-1290,-2641,905,44480,1296,-1392,-40,944,-1604,-5576,1086,74871,3052,-2037,-190,-424,-1475,-2283,731,43210,1875,-1168,-392,-647,-1214,-2098,550,87937,3928,-1371,64,216,-709,-3336,677
5/15/20,1447872,90344,-33310,-348,24536,-20996,-86678,18272,345813,28673,-2237,-334,1035,-1499,-2655,1040,45721,1349,-2030,-339,276,-1706,-5588,1153,76693,3136,-2101,-230,56,-1404,-2166,709,44138,1917,-1300,-430,-913,-1348,-2137,670,90369,4059,-1436,8,1049,-661,-3278,594
5/16/20,1471841,91618,-31294,5099,31683,-15777,-38773,5887,348232,28845,-1772,198,1890,-946,-1466,273,47452,1383,-2265,-421,-1270,-2070,-2494,506,78725,3208,-2114,-115,-117,-1307,-1312,410,44811,1964,-1204,-273,-446,-1268,-1143,336,92457,4129,-1460,269,1207,-419,-1361,181
5/17/20,1489903,92365,-25457,-1517,24711,-18714,-42368,4934,350121,28971,-1455,-91,2016,-1153,-1324,231,48396,1411,-1246,-176,591,-1437,-2385,321,80166,3240,-2105,-372,-658,-1282,-1425,374,45588,1973,-1145,-405,124,-1384,-1321,290,94191,4177,-1576,-254,-364,-829,-1699,203
5/18/20,1511854,93529,-21771,-1324,9443,-20063,-79244,16689,351371,29454,-1639,-130,727,-1372,-2481,873,49177,1418,-866,-226,610,-1572,-4848,943,81518,3279,-1843,-332,-845,-1499,-2108,700,46442,1997,-1223,-650,-1437,-1411,-1941,577,96485,4234,-1122,29,249,-627,-3062,586
5/19/20,1532791,95055,-19697,3819,17575,-17326,-83353,17401,352845,29652,-1405,138,1054,-1046,-2472,831,50552,1459,-719,-55,1011,-1283,-5274,1030,83764,3403,-1746,-134,-67,-1336,-2121,681,46944,2052,-969,-288,-587,-1109,-1943,563,98030,4379,-1239,9,55,-617,-3183,638
5/20/20,1556239,96574,-17042,6470,21976,-14559,-84587,16952,354370,29717,-1354,292,1716,-1054,-2503,804,51859,1504,-532,288,1040,-1008,-5285,1019,86018,3497,-1705,-56,168,-1312,-2118,672,47471,2096,-950,-356,-478,-1015,-2012,565,100418,4525,-1053,203,692,-457,-3166,586
5/21/20,1581845,97780,-16853,9906,26723,-12569,-85546,16608,356458,29790,-1265,546,1711,-941,-2525,775,53053,1532,-759,388,1182,-932,-5427,991,88056,3583,-1709,105,342,-1203,-2155,661,48675,2144,-907,-226,-396,-946,-2005,550,102688,4607,-1046,307,849,-435,-3158,567
5/22/20,1605166,99024,-22159,9633,29056,-10967,-86263,16260,358154,29864,-1683,430,1270,-1136,-2629,852,53539,1545,-1046,497,1158,-598,-5496,958,90281,3665,-1757,62,406,-1132,-2095,651,49451,2190,-935,-90,-66,-933,-2034,572,105444,4715,-1230,235,1140,-300,-3228,521
5/23/20,1626294,100154,-23548,12264,36365,-9507,-36043,4697,359926,30032,-1688,483,739,-1074,-1389,289,54776,1553,-1277,603,1216,-919,-2039,295,92564,3737,-1766,167,714,-991,-1132,334,50127,2233,-937,-29,124,-928,-965,264,107796,4790,-1371,467,895,-316,-1310,153
5/24/20,1646318,100765,-12540,9396,45040,-15021,-42459,2980,361515,30125,-1046,515,2899,-981,-1333,122,55861,1613,-1192,-127,416,-1464,-2513,276,94069,3753,-1533,161,1942,-839,-1267,248,50867,2237,-858,-171,637,-1266,-1252,242,110304,4856,-797,509,1631,-482,-1499,84
5/25/20,1664579,101311,-25009,-1458,36704,-26149,-186930,17724,362764,30249,-1629,21,2044,-1428,-4409,749,56409,1623,-1834,-791,190,-2059,-12273,1290,96470,3768,-1777,-9,2118,-1501,-3782,824,51746,2252,-1365,-874,-823,-1594,-4300,810,112017,4885,-1245,-67,990,-947,-6808,533
5/26/20,1684040,101962,-15470,6559,24874,-15912,-80185,15424,363836,30276,-1388,230,1539,-932,-2420,745,57230,1640,-839,-76,715,-1405,-5136,1035,99492,3818,-1571,24,341,-1210,-2014,616,52255,2259,-1020,-390,-1115,-865,-1891,552,113195,4923,-989,155,619,-598,-3027,536
5/27/20,1702554,103480,-14086,6222,28726,-13199,-78881,15771,364965,30462,-1315,361,1666,-1056,-2375,774,58542,1680,-646,61,1012,-1035,-4977,991,101071,3894,-1583,-5,264,-1245,-2015,633,52634,2319,-866,-340,-426,-910,-1869,537,114306,5083,-1046,110,625,-472,-3007,559
5/28/20,1725413,104656,-14830,7853,23665,-12803,-77721,16131,366733,30482,-1525,282,991,-1061,-2352,816,60395,1715,-696,137,938,-961,-5046,971,103813,3993,-1549,55,337,-1198,-2005,634,53285,2364,-898,-352,-698,-926,-1838,539,115833,5186,-1026,289,496,-472,-2871,568
5/29/20,1749603,105815,-21625,3661,29106,-12146,-73339,15654,368284,30578,-2018,-179,858,-1298,-2363,944,60901,1723,-954,164,1130,-776,-4893,927,106638,4077,-1773,-119,277,-1208,-1882,649,54497,2413,-963,-286,-465,-989,-1832,567,117455,5270,-842,114,1215,-285,-2696,465
5/30/20,1773376,106777,-19533,8885,38002,-5653,-15723,4134,369660,30649,-1660,291,1967,-875,-777,251,62894,1769,-896,341,1382,-627,-828,243,109895,4144,-1848,-167,-337,-1144,-800,375,55424,2447,-936,-248,-203,-780,-624,244,118917,5330,-775,464,1104,-9,-370,84
5/31/20,1792493,107462,-9761,6048,44971,-6342,-22404,3045,370770,30699,-1279,77,2673,-883,-797,173,64652,1788,-680,-81,561,-639,-1558,241,111951,4172,-1596,-137,700,-855,-835,288,56163,2451,-823,-269,447,-916,-833,221,120260,5390,-481,248,1766,-119,-613,78
6/1/20,1809756,108236,-4824,10420,27018,-10268,-69664,12542,371711,30832,-1157,314,1416,-1019,-2148,688,65593,1797,-437,-53,501,-1069,-4669,835,114733,4217,-1458,20,124,-1109,-1816,559,56830,2460,-708,-194,-488,-914,-1739,432,121234,5412,-501,288,720,-320,-2669,443
6/2/20,1831067,109290,-6289,11605,31383,-10249,-74187,13677,373040,30910,-1398,215,1166,-981,-2193,767,67310,1836,-311,66,1135,-989,-5024,917,117215,4305,-1390,217,476,-1103,-1904,589,57447,2530,-744,-162,-575,-870,-1805,490,122848,5525,-505,386,755,-344,-2775,448
6/3/20,1850954,110285,-2833,15332,29947,-9502,-74786,13450,374085,30964,-1323,310,1149,-1009,-2200,778,68877,1866,16,516,1026,-655,-4944,862,119374,4374,-1321,258,486,-1159,-1925,579,58764,2566,-720,-210,-674,-908,-1861,516,123830,5621,-428,420,763,-338,-2747,463
6/4/20,1872203,111294,-7323,13784,32802,-9327,-74980,13687,375133,31093,-1239,498,1739,-874,-2154,686,70555,1900,-337,388,1504,-764,-5055,842,122194,4444,-1348,297,698,-1100,-1938,582,60183,2607,-847,-307,-1161,-962,-1868,538,124759,5736,-444,593,1140,-293,-2701,433
6/5/20,1897260,112191,-14831,9437,30962,-9963,-73845,13273,376208,31120,-1580,260,1002,-1136,-2193,742,72548,1936,-815,322,1217,-689,-5231,832,125783,4529,-1544,61,383,-1113,-1861,586,61488,2660,-895,-324,-695,-1011,-1892,532,125915,5795,-737,304,1059,-245,-2700,402
6/6/20,1918803,112896,-14284,12382,39176,-5159,-19425,3357,377316,31141,-1322,535,2295,-777,-731,191,74470,1957,-819,472,1408,-737,-1393,207,128606,4607,-1529,120,768,-934,-778,286,62758,2688,-1112,-506,-2155,-1138,-871,326,126890,5864,-652,617,1060,85,-478,59
6/7/20,1936520,113334,-6386,7535,41520,-5874,-25522,2557,378097,31226,-807,278,3475,-663,-706,114,75408,1966,-412,189,892,-481,-1740,201,130657,4632,-1293,9,1228,-730,-884,239,63938,2700,-1138,-643,-1862,-1221,-1132,297,127757,5904,-379,450,1659,-64,-706,52
6/8/20,1953986,113826,-6965,6954,28828,-10364,-70147,12167,378799,31287,-931,446,1923,-957,-2037,607,76463,1980,-560,-89,670,-951,-4717,814,133816,4657,-1293,31,734,-982,-1789,509,64904,2712,-834,-426,-798,-984,-1725,444,128415,5924,-443,358,1037,-251,-2608,373
6/9/20,1972216,114767,-7613,8298,27943,-10327,-73658,13521,379482,31327,-965,468,1856,-814,-2079,621,78208,2000,-483,31,1171,-815,-5046,887,136681,4745,-1241,149,1015,-1024,-1844,530,66000,2765,-816,-387,-650,-898,-1776,473,129212,6018,-851,39,296,-382,-2740,518
6/10/20,1992898,115663,-3774,10245,32150,-8358,-73167,13019,380156,31390,-1088,346,1793,-904,-2125,670,80777,2037,-62,377,1397,-557,-4922,820,139715,4854,-1224,110,1096,-1029,-1880,536,67371,2801,-678,-258,-221,-883,-1804,449,129837,6095,-472,341,738,-272,-2659,447
6/11/20,2016079,116522,-3927,12381,34319,-6851,-73508,12490,380892,31404,-1077,449,769,-878,-2102,684,82658,2068,-359,448,1805,-524,-5066,804,143439,4934,-1215,117,1155,-937,-1886,546,69069,2848,-685,-270,-114,-853,-1794,445,130603,6185,-322,495,1356,-165,-2597,363
6/12/20,2040766,117338,-10167,9966,39688,-4907,-72864,11394,381714,31554,-1269,379,1753,-841,-2113,646,84927,2100,-770,369,1634,-393,-5204,797,146659,4978,-1402,-28,797,-861,-1824,541,70971,2877,-756,-214,402,-838,-1849,449,131198,6260,-592,293,1366,-96,-2627,337
6/13/20,2065877,118108,-8940,13078,48132,73,-14138,2299,382630,31568,-1054,512,1721,-555,-557,156,86915,2125,-708,510,1840,-218,-1211,187,150034,5076,-1334,118,1347,-681,-655,245,73552,2925,-720,-137,196,-718,-581,193,131871,6289,-516,562,1275,181,-290,35
6/14/20,2085133,118415,-1166,8347,53193,-380,-20680,1701,383324,31595,-671,242,3396,-568,-516,95,88523,2147,-341,245,1327,34,-1585,165,152349,5099,-1075,13,2210,-429,-714,181,75568,2931,-601,-197,637,-749,-810,169,132543,6308,-290,365,1818,115,-577,28
6/15/20,2104977,118791,-2426,8427,32138,-6445,-69294,11263,383944,31628,-697,413,1734,-792,-1997,570,90211,2163,-434,50,1144,-539,-4759,768,155726,5114,-1161,-39,1066,-875,-1810,484,77326,2938,-594,-218,189,-813,-1732,382,133016,6326,-290,348,1212,-150,-2513,340
6/16/20,2128712,119615,-1406,11734,37044,-7110,-72481,12111,384575,31678,-629,604,1759,-641,-2003,564,93569,2213,-383,149,1696,-586,-5160,852,158961,5200,-1114,160,1497,-833,-1826,498,80109,2993,-566,-112,328,-781,-1755,417,133639,6398,-336,379,1261,-165,-2589,372
6/17/20,2154566,120348,75,12528,38646,-5561,-73564,11593,385142,31696,-662,564,1918,-691,-2038,560,97699,2254,-195,342,1542,-388,-5135,823,162798,5271,-1114,86,1553,-920,-1884,502,82719,3018,-563,-175,349,-740,-1802,413,134185,6485,-276,408,1349,-131,-2637,360
6/18/20,2182646,121059,-964,13086,39880,-4346,-74688,11428,385760,31728,-661,644,1794,-699,-2061,544,101259,2299,-308,360,1782,-309,-5316,804,167133,5355,-1067,175,1689,-927,-1911,496,85926,3061,-640,-170,94,-741,-1831,420,134778,6537,-310,480,1358,-155,-2584,348
6/19/20,2213879,121729,-7385,12039,42064,-3242,-75422,10415,386556,31747,-970,599,2055,-749,-2174,556,105394,2328,-812,380,1221,-157,-5682,770,170862,5426,-1208,171,1642,-856,-1880,464,89748,3104,-760,-132,44,-783,-1946,438,135470,6580,-560,325,1358,-24,-2682,310
6/20/20,2245845,122347,-6105,19181,47178,1439,-16008,1804,387272,31817,-845,951,1939,-360,-516,90,109581,2355,-711,733,1498,-314,-1465,209,175243,5494,-1158,456,1519,-671,-638,201,93797,3144,-612,203,263,-656,-670,155,136104,6625,-616,751,806,115,-458,50
6/21/20,2271889,122630,-2806,12981,50176,-762,-19335,638,387936,31854,-536,588,3294,-453,-396,17,112944,2368,-902,279,530,-394,-1651,149,178657,5515,-1064,268,2173,-532,-662,122,97291,3161,-581,20,737,-766,-843,119,136762,6647,-528,523,1814,53,-524,7
6/22/20,2302338,123010,-5536,4037,30816,-5426,-76044,11613,388488,31890,-673,320,1650,-742,-2127,557,117790,2384,-968,-468,450,-564,-5476,893,184765,5566,-1080,-113,1206,-929,-1941,478,100217,3173,-753,-362,-127,-791,-1965,404,137224,6671,-670,-82,615,-209,-2719,422
6/23/20,2338011,123854,-1953,9499,36312,-5624,-77949,12173,389085,31952,-549,542,1776,-619,-2128,565,122932,2421,-834,-341,674,-577,-5822,1019,191477,5626,-1065,53,1570,-914,-1963,501,103503,3238,-746,-273,-104,-834,-1964,458,137825,6707,-361,266,1247,-112,-2679,366
6/24/20,2372334,124611,96,10459,37813,-4383,-74447,11405,389666,31974,-562,505,1903,-639,-2024,547,128132,2462,-591,-17,924,-438,-5478,962,196024,5725,-1074,-6,1496,-975,-1903,499,109014,3281,-666,-184,104,-799,-1909,438,138540,6770,-267,250,1433,-83,-2610,354
6/25/20,2412824,125160,-912,12188,40768,-2588,-75260,11350,390415,32007,-525,688,2147,-539,-2007,517,134558,2514,-847,-21,1145,-611,-5630,934,201112,5806,-1067,81,1425,-909,-1932,508,114018,3327,-710,-202,48,-742,-1916,445,139434,6810,-281,403,1387,-82,-2580,330
6/26/20,2458085,125777,-10250,7189,39967,-1993,-75149,11221,391220,32030,-937,532,1999,-619,-2081,518,140173,2558,-1562,-306,507,-660,-5773,991,206844,5868,-1244,33,1491,-861,-1885,513,122960,3366,-923,-233,32,-807,-2019,487,140291,6847,-502,-34,812,-59,-2647,355
6/27/20,2500299,126280,-11132,8913,42939,3042,-18147,2470,391923,32051,-1019,407,1373,-453,-732,163,145894,2603,-1589,-116,1062,-648,-1701,312,210692,5899,-1233,119,1471,-648,-760,230,132545,3390,-984,-215,-67,-660,-853,226,141077,6873,-437,299,1493,267,-521,38
6/28/20,2539531,126552,-3307,4998,45227,2148,-18535,1867,392539,32078,-489,285,3103,-403,-422,66,150722,2628,-1288,-566,323,-569,-1752,285,215487,5932,-949,-99,2089,-540,-637,184,141075,3419,-865,-282,194,-785,-876,205,141723,6888,-209,140,1918,121,-491,31
6/29/20,2580153,126929,-563,7195,32853,-4733,-74356,11245,392930,32109,-414,563,1849,-699,-2047,508,156706,2655,-896,-426,657,-744,-5431,880,223646,5983,-885,-31,1643,-807,-1816,458,146341,3447,-767,-347,-199,-891,-1932,422,142461,6902,-257,104,752,-73,-2631,350
6/30/20,2626108,127584,4176,12079,33501,-4265,-77863,11909,393454,32070,-244,661,1616,-614,-2072,539,163060,2708,-569,-127,1120,-629,-5814,940,231418,6082,-825,107,1679,-813,-1858,476,152434,3505,-702,-251,-353,-826,-1987,465,143185,6923,-204,131,717,-94,-2765,393
7/1/20,2677341,128272,12143,20003,36193,-456,-79669,10747,394079,32088,-103,899,1637,-501,-2096,508,172368,2770,-84,464,1198,-290,-5842,895,238681,6169,-689,272,1592,-779,-1930,469,158997,3550,-545,-153,-224,-723,-2026,447,144013,6951,191,554,1222,69,-2713,324
7/2/20,2732375,128996,20662,32212,43108,3868,-88783,9881,394954,32112,316,1441,2159,-301,-2217,426,179137,2835,120,921,1178,-143,-6424,850,246550,6265,-472,639,2098,-539,-2060,456,169106,3617,-300,175,36,-542,-2164,431,144882,6987,463,991,1648,120,-3020,273
7/3/20,2784856,129654,8655,34421,45718,-5163,-143683,14302,395872,32192,-227,1537,1475,-788,-3415,675,186799,2907,-662,1105,994,-1000,-9596,1174,250514,6315,-662,869,2782,-772,-2915,640,178594,3684,-568,260,453,-1009,-3376,629,145750,7005,150,1053,1666,-14,-5199,386
7/4/20,2830487,129918,-40932,8631,43715,-14800,-56817,2678,396598,32206,-1771,510,1548,-685,-1493,53,193958,2951,-3255,15,928,-2242,-4246,378,252895,6334,-1915,376,1615,-1065,-1397,297,190052,3702,-1687,-435,-480,-1443,-1646,312,146612,7014,-1522,255,1395,-340,-2115,33
7/5/20,2880341,130206,-9171,-964,44479,735,-33195,1464,397131,32244,-294,141,3534,-215,-795,1,197421,3000,-1852,-995,-313,-951,-2855,295,264681,6373,-1038,-359,1733,-479,-958,201,200111,3731,-1172,-758,-782,-898,-1293,253,147251,7020,-429,-69,1507,209,-956,16
7/6/20,2924300,130561,2558,10216,31409,-2556,-87001,11680,397649,32261,-157,698,1753,-618,-2314,502,205642,3062,-1064,-425,102,-763,-6468,995,271035,6441,-779,74,1540,-782,-2050,489,206447,3778,-823,-486,-700,-918,-2244,479,147865,7026,-94,238,1073,67,-3038,343
7/7/20,2984327,131772,-362,10764,33429,-5155,-83715,12338,398237,32283,-241,778,1598,-574,-2178,505,216026,3192,-1199,-455,688,-891,-6470,1063,284012,6573,-906,149,1842,-818,-2014,499,213794,3841,-859,-393,-550,-938,-2170,501,149574,7273,-195,274,1007,-88,-2833,367
7/8/20,3043468,132631,695,10829,34481,-5175,-79935,11891,398929,32304,-390,617,1666,-695,-2118,556,224929,3319,-919,-144,894,-677,-6117,985,292560,6718,-965,50,1772,-908,-1960,513,223783,3889,-801,-373,-59,-988,-2112,474,150554,7309,-134,246,1117,-28,-2740,350
7/9/20,3106605,133631,-1348,11593,38137,-4686,-80488,11985,399513,32327,-321,801,1950,-582,-2093,493,236541,3472,-1130,-46,985,-837,-6297,973,302484,6859,-966,123,1682,-896,-1984,512,232718,4009,-805,-334,-74,-956,-2105,468,151572,7329,-199,318,1069,-74,-2709,356
7/10/20,3174038,134453,-11207,5842,32340,-5271,-78747,12122,400299,32369,-1008,299,592,-870,-2213,639,245920,3556,-1789,-443,679,-880,-6349,1006,310885,6955,-1198,86,1690,-932,-1907,525,244151,4102,-1036,-422,-406,-1126,-2178,523,152899,7345,-312,184,1392,69,-2677,294
7/11/20,3233959,135142,-11532,9573,42610,555,-17829,2645,401029,32380,-854,453,1783,-466,-665,161,254415,3638,-1859,-218,529,-940,-1969,352,318761,7027,-1262,159,1448,-738,-716,257,254511,4197,-1067,-377,-537,-1038,-907,264,154094,7369,-420,329,1179,300,-445,26
7/12/20,3292558,135601,-3423,5674,48172,501,-23741,1874,401706,32395,-117,355,3822,-293,-529,32,262762,3739,-1468,-573,56,-925,-2442,300,324543,7051,-1012,-67,2109,-527,-813,205,269811,4242,-947,-420,34,-1109,-1123,233,155048,7388,-113,227,1746,291,-574,11
7/13/20,3351656,135960,-1839,7343,33797,-6407,-76566,10764,402263,32418,-313,557,1976,-712,-2056,487,269778,3827,-1209,-561,165,-1063,-6031,915,333357,7089,-959,13,1484,-906,-1937,478,282435,4277,-877,-459,-334,-1113,-2067,432,155931,7394,-142,195,1264,-33,-2673,296
7/14/20,3418517,136883,-1163,9438,38210,-7099,-80535,11701,403175,32429,-209,587,2288,-569,-2073,492,279577,3941,-1009,-375,941,-935,-6324,979,346211,7250,-1038,89,1683,-971,-2012,513,291629,4409,-894,-432,-438,-1081,-2160,486,156638,7419,-173,163,1019,-113,-2754,332
7/15/20,3485851,137847,709,11127,37233,-6469,-78117,11420,404006,32448,-193,601,2523,-608,-2012,469,290892,4104,-825,-66,925,-727,-6030,956,354885,7375,-1085,26,1698,-1029,-1991,524,301810,4521,-857,-433,-449,-1068,-2121,487,157825,7427,-408,-70,625,-187,-2752,408
7/16/20,3563026,138789,-2639,11229,38779,-5198,-79404,11750,404775,32457,-353,556,1640,-600,-2052,536,305854,4265,-1136,-178,918,-793,-6233,961,364706,7489,-1050,49,1946,-1002,-2029,534,315775,4677,-851,-341,-177,-1028,-2111,469,159082,7452,-60,357,1388,-59,-2665,314
7/17/20,3634487,139714,-10970,7182,37343,-4609,-78799,11601,405551,32484,-652,427,1629,-664,-2094,536,317768,4440,-1753,-465,674,-814,-6412,994,373259,7603,-1261,21,1877,-932,-1966,540,327241,4805,-1028,-475,-317,-1112,-2188,523,160509,7465,-391,59,1169,14,-2747,304
7/18/20,3696897,140582,-12253,9033,44196,642,-20515,2390,406305,32497,-616,484,1465,-197,-572,46,327106,4576,-1759,-336,677,-929,-2142,332,380745,7702,-1274,106,1774,-764,-807,265,337569,4895,-1075,-387,-290,-1053,-976,255,161785,7483,-500,261,1377,217,-569,30
7/19/20,3757579,141029,-4750,5054,46995,-639,-26099,1876,406807,32516,-253,118,3301,-361,-618,36,335257,4679,-1330,-588,298,-810,-2461,272,386906,7715,-1001,-136,2171,-599,-906,205,350047,4982,-956,-472,147,-1110,-1206,219,162750,7488,-376,36,1507,108,-761,51
7/20/20,3819161,141540,-4395,5804,32388,-6701,-78353,11127,407326,32527,-220,460,1599,-668,-2084,475,343783,4796,-1288,-731,331,-1048,-6014,910,397870,7770,-1015,-124,1587,-935,-2009,486,360394,5072,-965,-542,-413,-1106,-2112,435,163922,7494,-282,95,1235,-66,-2708,327
7/21/20,3883127,142647,-4170,6774,35159,-7898,-81576,12166,408181,32539,-282,383,2066,-570,-2061,479,351071,4916,-1226,-665,717,-985,-6410,1017,409305,7888,-1023,-44,1840,-969,-2078,515,369834,5206,-948,-513,-570,-1064,-2198,488,164864,7517,-440,-43,740,-211,-2806,405
7/22/20,3954325,143857,-2704,7579,32530,-6716,-77823,11943,408886,32582,-349,318,1600,-696,-2013,553,363615,5172,-1055,-401,921,-851,-5986,981,421286,8047,-1098,-87,1858,-1037,-2003,520,379619,5345,-954,-583,-588,-1113,-2128,502,166475,7540,-155,167,1444,-53,-2654,346
7/23/20,4022957,144948,-4355,8536,34276,-5860,-78223,11790,409697,32591,-251,529,1748,-584,-2000,513,373037,5362,-1158,-193,1105,-823,-5992,914,430773,8201,-1042,-27,1921,-947,-2009,524,389868,5518,-1017,-613,-897,-1097,-2130,512,168096,7560,-165,242,1439,-28,-2612,311
7/24/20,4095564,146077,-11998,5121,36228,-5320,-77666,11440,410450,32602,-632,382,1539,-622,-2069,500,380364,5523,-1714,-330,552,-831,-6208,962,440185,8337,-1255,-22,1575,-941,-1959,530,402312,5653,-1045,-510,-420,-1136,-2169,502,169696,7577,-446,11,1591,8,-2681,283
7/25/20,4161471,146966,-13077,7327,43491,333,-20777,2229,411200,32612,-534,491,1883,-140,-572,34,390286,5705,-2359,-895,190,-1471,-2633,381,446452,8408,-1205,94,1942,-736,-862,248,414511,5777,-1072,-450,-302,-979,-1005,232,171122,7589,-414,290,992,360,-455,6
7/26/20,4215717,147438,-4969,3859,46585,-635,-25559,1629,411736,32629,24,194,3459,-241,-548,7,394084,5798,-1733,-1075,-232,-1192,-2711,286,452288,8448,-936,-158,2585,-549,-912,191,423855,5854,-1009,-551,-34,-1010,-1238,210,172663,7590,-298,101,1502,237,-677,23
7/27/20,4271998,148558,-4793,4151,30536,-7514,-78613,11176,412344,32639,-272,359,1848,-721,-2095,492,400336,6483,-1262,-826,265,-1100,-6057,888,458121,8494,-976,-122,1723,-931,-2009,483,432747,5931,-1049,-659,-649,-1213,-2181,441,173894,7608,-331,48,1023,-156,-2767,343
7/28/20,4337397,149924,-4358,5824,32972,-8536,-79412,11869,412878,32653,-213,371,1863,-623,-2036,498,408493,6753,-1216,-760,362,-1093,-6221,994,470762,8679,-1023,-60,1843,-983,-2029,512,441977,6117,-1027,-603,-916,-1099,-2192,497,174968,7638,-244,80,1139,-143,-2692,320
7/29/20,4408488,151353,-2624,6289,35841,-7130,-79929,11410,413593,32654,-306,276,2021,-691,-2060,515,418995,7066,-995,-449,804,-766,-6065,944,484913,8908,-1095,-126,1927,-1100,-2063,514,451423,6333,-961,-530,-638,-1029,-2196,476,176363,7654,-266,13,1199,-86,-2747,335
7/30/20,4475795,152559,-3740,6901,34926,-6228,-80826,11570,414370,32672,-137,459,1861,-605,-2075,472,428229,7189,-1010,-283,1162,-742,-6205,873,492934,9026,-999,-39,1705,-1026,-2080,515,461379,6586,-875,-430,-148,-943,-2178,435,178135,7670,-262,110,1134,-141,-2758,367
7/31/20,4542718,153810,-5992,8429,37003,-4004,-78454,10453,415014,32675,-456,440,1812,-594,-2108,460,438293,7309,-1220,-296,724,-698,-6258,871,500556,9214,-1117,41,1518,-941,-1989,496,470386,6843,-885,-191,-196,-939,-2190,448,180115,7692,-339,18,1443,63,-2724,289
8/1/20,4599517,154919,-8193,10351,44636,1481,-21297,2082,415767,32684,-420,494,1762,-113,-612,24,444738,7576,-1256,-122,924,-811,-2205,268,506613,9345,-1104,160,2000,-726,-858,227,480028,7022,-1031,-231,-686,-914,-1065,241,181754,7700,-406,337,1571,251,-585,26
8/2/20,4646298,155317,-2035,5791,42736,326,-25354,1825,416298,32697,-32,176,2101,-363,-669,60,448145,7581,-873,-386,628,-481,-2335,223,512175,9396,-860,-58,2515,-608,-894,181,487132,7084,-1324,-837,-914,-1352,-1462,305,183224,7714,-157,167,1651,180,-622,20
8/3/20,4690739,155844,2428,10785,29868,-6188,-76672,10340,416843,32697,55,622,1952,-613,-2029,435,456624,7718,-667,-318,380,-813,-5732,792,516851,9441,-801,29,1787,-953,-1965,448,491884,7157,-870,-584,-580,-1077,-2163,421,184522,7723,-118,244,992,-68,-2663,308
8/4/20,4747644,157214,-1867,7285,31314,-8454,-81886,11711,417589,32703,-746,-155,569,-897,-2219,641,466032,7952,-712,-361,1048,-832,-6097,880,526685,9684,-868,73,1925,-982,-2022,481,497330,7402,-882,-528,-537,-940,-2157,452,185993,7742,-129,282,1299,-92,-2684,313
8/5/20,4800948,158580,952,9399,37211,-5682,-78367,10124,418225,32736,-84,476,1951,-611,-2058,394,476999,8310,-715,-250,1131,-650,-5876,856,530606,9808,-951,-21,1713,-974,-2021,487,502739,7627,-899,-576,-483,-1026,-2157,451,187752,7770,-171,191,1661,-127,-2679,294
8/6/20,4860281,159818,-2013,8270,36273,-4557,-79065,10354,418928,32741,-33,575,1729,-574,-2025,373,483920,8569,-1000,-270,1352,-745,-5952,827,541339,10021,-926,20,1850,-900,-2031,486,510389,7747,-913,-562,-396,-998,-2166,436,189705,7791,-97,290,1445,-55,-2666,284
8/7/20,4917855,161053,-8524,4031,36634,-4568,-76714,10054,419642,32744,-617,238,1536,-705,-2121,481,491304,8847,-1382,-477,876,-662,-5968,811,546814,10133,-1121,3,2141,-882,-1960,479,518075,7927,-1027,-610,-353,-1097,-2185,461,191808,7822,-84,64,1719,25,-2674,258
8/8/20,4972810,162126,-7807,8373,46296,1365,-19717,1628,420345,32753,-423,453,1711,-259,-590,24,497632,9058,-1249,-249,1177,-728,-2101,245,554388,10307,-1131,111,1945,-731,-839,221,526577,8109,-938,-425,-148,-932,-1024,190,193998,7840,-104,373,1676,290,-434,4
8/9/20,5018231,162632,-862,5379,47021,2131,-23799,1237,420860,32755,115,231,3308,-117,-536,-12,503328,9157,-850,-438,391,-308,-2242,206,559746,10377,-850,-100,2416,-512,-895,169,532806,8186,-904,-560,-83,-999,-1230,189,195380,7845,-12,172,1526,176,-676,21
8/10/20,5067277,163158,-2968,2938,29425,-6952,-76722,9714,421336,32764,-214,396,1887,-643,-2068,424,509581,9230,-1079,-732,414,-841,-5702,766,574231,10476,-942,-123,1694,-971,-1975,451,536961,8277,-949,-664,-593,-1071,-2130,388,196699,7846,-135,-197,577,-175,-2774,290
8/11/20,5113549,164213,-1784,6171,35145,-7436,-79432,10200,422003,32770,-254,312,1848,-620,-2060,464,517700,9222,-938,-519,892,-893,-6009,832,578946,10523,-956,-58,1875,-990,-2009,471,542792,8553,-1038,-699,-892,-1028,-2167,446,198248,7866,321,321,1071,-41,-2815,238
8/12/20,5169826,165708,-1222,6119,31220,-6654,-77908,10242,422703,32778,-193,315,1555,-653,-2031,455,523977,9527,-856,-260,960,-735,-5783,816,591376,10753,-991,-128,1454,-1094,-2009,485,550901,8765,-894,-553,-428,-1053,-2118,417,199893,7881,218,253,1374,-44,-2721,264
8/13/20,5221377,166766,-3607,6443,31200,-5954,-78226,10419,423440,32780,-125,457,1306,-549,-2029,427,530857,9771,-1172,-311,791,-835,-5897,801,597984,10870,-1025,-100,1662,-1088,-2035,498,557137,8913,-960,-601,-555,-977,-2129,425,201727,7905,139,289,1444,-117,-2651,278
8/14/20,5285243,168091,-9526,2644,36547,-5579,-75811,10004,424167,32798,-513,299,1972,-587,-2106,440,539673,10078,-1524,-526,664,-708,-5848,789,613101,11148,-1203,-30,1977,-1051,-1971,483,563285,9141,-1018,-590,-526,-1070,-2134,438,204023,7932,-36,57,1510,-8,-2555,257
8/15/20,5332073,169115,-9264,6259,39375,-277,-22105,1958,424901,32809,-417,362,1389,-146,-628,19,546552,10268,-1318,-136,796,-690,-2258,237,617994,11218,-1234,78,1861,-869,-920,227,569637,9345,-1011,-489,-557,-1047,-1074,200,205851,7937,-104,317,1375,222,-502,12
8/16/20,5373169,169680,-2243,3606,35550,77,-25067,1444,425508,32816,19,92,1114,-316,-657,43,555394,10396,-992,-457,143,-446,-2397,210,623873,11243,-973,-203,1606,-707,-940,182,573416,9452,-939,-541,12,-991,-1262,172,207412,7955,233,225,1994,190,-542,6
8/17/20,5408256,170124,-6414,-2540,2628,-7315,-35287,9281,425916,32823,-347,-128,277,-526,-1671,439,561110,10447,-545,-411,-180,-425,-2458,720,629415,11296,-943,-325,-60,-867,-1651,461,576094,9539,-855,-622,-541,-700,-1418,378,209185,7967,-95,-24,205,-243,-1100,280
8/18/20,5452608,171437,-6436,-1814,3166,-7424,-34651,10072,426571,32835,-329,-82,398,-510,-1618,436,568812,10678,-504,-323,-106,-442,-2400,804,638140,11504,-979,-281,-20,-909,-1641,495,579932,9758,-796,-525,-405,-607,-1361,395,210924,7994,-86,-9,245,-236,-1048,308
8/19/20,5499695,172777,-6083,-1959,2550,-7352,-35139,9826,427202,32840,-363,-119,211,-523,-1680,441,574633,10934,-448,-282,-65,-419,-2361,763,647274,11690,-1021,-331,-174,-906,-1673,509,584047,9932,-788,-553,-523,-675,-1393,417,213220,8017,-68,12,240,-220,-1057,291
8/20/20,5543424,173843,-6595,-1643,2965,-7038,-35172,9580,427803,32837,-297,-34,435,-477,-1665,378,579892,11174,-520,-304,-67,-467,-2412,752,652267,11810,-1022,-304,-223,-822,-1700,516,588602,10049,-806,-551,-554,-690,-1373,412,215052,8044,-87,45,238,-203,-1046,281
8/21/20,5590818,174941,-9874,-2301,2913,-7011,-33647,9599,428512,32833,-506,-101,360,-472,-1698,433,585562,11415,-688,-263,-136,-414,-2302,730,658900,11946,-1131,-342,-228,-870,-1615,531,593286,10168,-815,-463,-614,-713,-1345,429,217345,8066,-164,9,245,-182,-1026,245
8/22/20,5634474,175924,-11311,-1268,4607,-4903,-6800,1769,429165,32839,-553,-135,631,-313,-341,8,589279,11578,-755,-177,-123,-330,-578,235,664435,12131,-1147,-269,-220,-632,-619,263,597597,10274,-843,-461,-709,-680,-654,215,219701,8083,-215,74,269,-48,-93,7
8/23/20,5668564,176364,-7795,-2270,4334,-5138,-6878,1393,429737,32851,-411,-186,695,-356,-282,-6,594035,11696,-575,-292,-162,-323,-529,207,669280,12153,-1038,-376,-198,-621,-588,221,600571,10325,-818,-534,-473,-634,-680,195,221594,8089,-151,-11,253,-97,-148,31
8/24/20,5705555,176800,-7930,-3280,1829,-7702,-33853,9728,430145,32852,-350,-124,278,-522,-1619,431,598262,11742,-623,-408,-177,-460,-2258,692,675561,12235,-1030,-415,-250,-907,-1600,494,602829,10397,-942,-685,-589,-764,-1381,402,223206,8097,-164,-26,144,-259,-1036,302
8/25/20,5743594,178030,-7526,-2205,2161,-7639,-35143,10354,430774,32881,-344,-82,255,-515,-1655,457,604328,11935,-574,-203,-116,-440,-2490,712,681032,12382,-999,-336,-98,-906,-1643,505,605502,10580,-873,-538,-449,-666,-1355,388,224887,8126,-163,-18,168,-247,-1051,337
8/26/20,5789196,179242,-6962,-2078,2831,-7391,-34208,9773,431340,32887,-300,-73,436,-485,-1624,405,610648,12140,-638,-274,-87,-438,-2565,766,687004,12532,-1013,-370,-132,-902,-1595,509,608722,10733,-839,-556,-449,-690,-1284,373,227043,8163,-165,-5,160,-231,-1001,331
8/27/20,5834304,180345,-8951,-3081,2438,-7509,-35354,10239,432131,32887,-464,-139,222,-518,-1675,519,614549,12365,-767,-495,-51,-495,-2853,845,691821,12677,-1006,-354,-43,-789,-1605,503,611991,10868,-864,-567,-420,-693,-1294,375,228750,8186,-185,15,159,-222,-991,317
8/28/20,5879832,181303,-10997,-3815,2150,-7238,-32290,9734,432767,32890,-499,-120,251,-479,-1614,441,619354,12537,-803,-444,-182,-419,-2392,725,697385,12805,-1088,-382,-99,-847,-1514,492,615806,10957,-852,-524,-458,-706,-1269,386,231186,8206,-242,-15,172,-200,-972,292
8/29/20,5925253,182257,-11756,-2322,4159,-5448,-7056,2280,433402,32891,-581,-157,230,-411,-392,123,626751,12607,-789,-294,-168,-324,-575,202,702038,12894,-1058,-272,94,-585,-570,224,619003,11105,-868,-525,-544,-674,-688,210,233066,8217,-237,60,283,-56,-92,10
8/30/20,5960306,182561,-7089,-2543,4994,-4971,-6599,1100,434100,32909,-335,-160,759,-298,-255,-22,629570,12683,-609,-393,-247,-315,-538,194,705951,12937,-908,-337,191,-573,-528,175,621586,11119,-882,-614,-730,-666,-709,207,235058,8228,-137,-2,346,-88,-132,17
8/31/20,5994356,183153,-7223,-3288,1619,-7437,-32412,9059,434756,32957,-299,-115,279,-509,-1580,390,632739,12779,-555,-425,-189,-447,-2219,654,712475,13022,-947,-386,-86,-861,-1540,459,623471,11187,-918,-653,-638,-706,-1308,350,236724,8235,-174,-33,188,-243,-1003,291
9/1/20,6036606,184213,-5349,-697,2369,-7132,-33713,9077,435510,32966,-273,-18,256,-494,-1603,412,637721,12919,-449,-268,-186,-495,-2329,717,715617,13150,-860,-236,5,-816,-1585,458,631040,11374,-765,-430,-429,-588,-1299,340,238216,8273,-180,-7,59,-252,-1020,346
9/2/20,6076744,185260,-5984,-1685,2279,-7289,-33613,9069,436218,32972,-372,-92,150,-523,-1643,474,641855,13104,-426,-304,-135,-426,-2269,750,721281,13317,-878,-296,-18,-840,-1581,461,633442,11501,-779,-515,-392,-630,-1271,331,240344,8300,-117,24,229,-223,-977,292
9/3/20,6120383,186320,-4990,193,2727,-6342,-33717,7838,437107,32976,-264,15,287,-465,-1592,333,645422,13296,-384,-192,-131,-380,-2316,663,726018,13493,-836,-202,-2,-747,-1600,448,637013,11650,-715,-404,-365,-564,-1277,302,241704,8324,-98,82,227,-195,-987,248
9/4/20,6170394,187277,-7063,84,3797,-5858,-34161,7270,437971,32982,-384,-19,355,-438,-1701,376,651350,13426,-531,-206,-194,-379,-2320,653,730662,13638,-892,-171,2,-733,-1575,438,640211,11750,-721,-363,-417,-558,-1336,323,247298,8362,-143,69,254,-148,-1027,204
9/5/20,6214219,188053,-9977,206,6525,-4584,-9224,807,438772,32987,-468,-61,646,-294,-390,-1,655815,13576,-660,-197,-109,-350,-767,195,735314,13709,-953,-109,186,-544,-667,184,643867,11811,-695,-300,-269,-601,-797,156,250102,8385,-246,95,289,-57,-189,-10
9/6/20,6245312,188442,-5672,-1125,7247,-5523,-8319,211,439501,32987,-315,-127,692,-323,-281,-51,658202,13654,-418,-210,-84,-384,-625,121,738856,13731,-811,-184,358,-594,-618,140,646431,11849,-562,-348,-62,-678,-798,131,251515,8390,-231,-25,271,-116,-213,18
9/7/20,6268524,188709,-7792,-3469,4973,-10044,-89349,14605,440021,33002,-385,-172,359,-656,-3762,631,659041,13697,-485,-368,-74,-657,-5537,1015,740965,13758,-864,-284,244,-1014,-2923,711,648269,11871,-800,-669,-74,-883,-3183,631,252884,8398,-207,-5,324,-398,-2953,410
9/8/20,6295037,189139,-7958,-2013,1058,-7381,-35734,8986,440578,33016,-352,-54,295,-491,-1650,371,662427,13792,-589,-350,-158,-421,-2352,663,744344,13823,-926,-270,-219,-870,-1656,436,650092,11915,-837,-469,-504,-539,-1319,319,254276,8405,-289,-55,-31,-292,-1086,369
9/9/20,6328589,190310,-8113,-2760,812,-7630,-33594,8400,441154,33019,-363,-55,269,-491,-1601,345,667500,13923,-655,-436,-260,-474,-2216,675,747290,13983,-1015,-410,-369,-938,-1632,472,652259,12110,-821,-556,-609,-634,-1238,313,255613,8433,-215,-16,83,-256,-980,301
9/10/20,6364084,191212,-8937,-2816,1215,-7567,-33577,7626,441911,33019,-436,-87,167,-517,-1584,361,669141,13930,-593,-341,-161,-456,-2269,548,750961,14077,-992,-350,-371,-907,-1617,482,654731,12326,-834,-548,-468,-654,-1254,286,257566,8461,-238,-4,70,-238,-980,271
9/11/20,6411430,192410,-13167,-4141,34490,-8226,-64250,6505,442791,33019,-666,-46,2183,-740,-1894,319,674943,14227,-1299,-968,982,-578,-4744,438,754905,14230,-1259,-393,31,-1029,-1840,487,658381,12502,-1052,-689,-671,-1168,-1870,298,259879,8505,-289,-138,939,-224,-2142,222
9/12/20,6451963,193111,-9726,2081,49104,-1844,-18975,1202,443640,33023,-298,168,2867,-279,-479,-1,677625,14332,-1065,-437,1836,3,-1993,124,758933,14327,-1250,-270,-109,-862,-767,235,661571,12600,-1087,-678,-918,-1241,-1128,197,261999,8527,-182,171,894,-8,-441,58
9/13/20,6486363,193485,-7577,174,40150,-2479,-24592,1306,444365,33023,-312,-61,2559,-411,-508,41,681885,14405,-1031,-591,764,-377,-2319,162,761728,14378,-1122,-374,-8,-744,-863,204,663994,12608,-1159,-768,-1425,-1209,-1391,206,263459,8541,40,139,2369,48,-558,11
9/14/20,6519881,193901,-6901,-495,29502,-9558,-57929,6919,444948,33030,-399,3,1771,-735,-1699,336,685748,14451,-1118,-935,469,-801,-4116,492,765134,14439,-1078,-355,100,-1106,-1710,448,665730,12642,-1062,-682,-1074,-1192,-1691,300,264831,8546,-71,-46,1356,-275,-1997,235
9/15/20,6558611,195180,-4366,2153,30871,-10100,-61596,8063,445714,33038,-335,46,1558,-733,-1682,359,692753,14593,-809,-615,1042,-532,-4465,576,768204,14594,-1051,-247,419,-1055,-1745,474,668846,12787,-1168,-763,-1306,-1317,-1899,405,266295,8564,35,0,1210,-259,-2028,264
9/16/20,6597115,196144,-7029,-2788,31338,-10401,-64721,7935,446366,33042,-432,-164,1937,-808,-1750,366,696807,14738,-974,-693,845,-557,-4472,569,771321,14691,-1130,-425,428,-1112,-1821,461,671201,12939,-1382,-1035,-908,-1384,-2249,362,268238,8599,-30,-99,1360,-262,-2111,255
9/17/20,6641233,196994,-8617,-2176,28048,-9376,-64237,8523,447262,33070,-424,-9,1559,-714,-1707,357,701350,14826,-1038,-781,1035,-725,-4553,586,775037,14804,-1140,-382,476,-1054,-1828,468,674456,13086,-1009,-658,-779,-1033,-1940,316,270294,8624,-2,32,1527,-283,-2050,249
9/18/20,6689117,197918,-9026,-2790,33733,-7330,-58704,7409,448052,33085,-540,-52,1776,-784,-1738,366,704563,14951,-1072,-746,895,-362,-4319,548,779491,14893,-1179,-387,510,-1028,-1729,449,677660,13225,-989,-636,-578,-1113,-1783,307,272517,8647,-71,-91,1351,-163,-1998,207
9/19/20,6731875,198624,-4077,4575,51621,-576,-18049,887,449038,33081,-77,257,2744,-310,-529,37,707940,15051,-854,-289,2042,22,-2103,134,783313,15018,-1084,-197,883,-664,-709,169,681233,13287,-973,-556,-597,-1063,-1060,155,275041,8672,151,338,1677,230,-279,-19
9/20/20,6769459,198848,-2199,1225,45890,-1294,-22006,1078,449900,33087,69,24,2741,-380,-447,12,713007,15088,-971,-584,577,-380,-2119,182,786168,15016,-929,-333,810,-589,-742,155,683754,13296,-973,-672,-1071,-1050,-1296,172,276443,8686,111,139,2168,19,-498,11
9/21/20,6820602,199266,-7192,-2061,27168,-9811,-60997,8184,450473,33159,-343,41,1644,-804,-1728,374,734778,15127,-1670,-1301,-951,-1150,-4717,770,790096,15056,-1074,-405,353,-1131,-1772,440,685439,13317,-943,-674,-754,-1012,-1715,295,277920,8693,-60,-77,1244,-319,-2085,260
9/22/20,6860074,200287,-8271,-1390,26346,-11970,-61621,9111,451227,33263,-417,-3,1338,-780,-1684,394,741363,15229,-1672,-1252,-679,-1364,-4873,905,793065,15189,-1066,-304,373,-1192,-1784,468,687909,13416,-912,-651,-634,-1007,-1656,313,279453,8722,-77,-66,1089,-329,-2025,282
9/23/20,6898068,201383,-8626,-1600,27160,-11696,-58605,10402,451892,33264,-422,-12,1761,-866,-1627,415,742913,15372,-1374,-813,121,-898,-4123,852,796436,15291,-1098,-385,261,-1273,-1761,491,690499,13618,-898,-714,-604,-1096,-1598,330,281303,8744,-104,-63,1012,-279,-1968,334
9/24/20,6941700,202285,-10299,-1849,24024,-10189,-58837,10822,452847,33269,-386,40,1440,-735,-1559,385,747366,15510,-1198,-730,620,-771,-4172,740,799516,15393,-1121,-348,234,-1176,-1773,491,693040,13795,-959,-714,-980,-1003,-1626,343,283559,8774,-68,50,1194,-313,-1934,312
9/25/20,6990485,203215,-12185,-3448,27686,-9074,-55760,9785,453755,33283,-574,-20,1904,-780,-1611,379,751068,15610,-1285,-798,482,-621,-4006,678,803660,15516,-1111,-411,344,-1106,-1713,466,695887,13915,-968,-674,-904,-1128,-1604,349,286332,8807,-168,-108,1419,-206,-1904,255
9/26/20,7034611,203948,-7671,3262,46505,-3282,-14566,1436,454760,33286,-128,305,2872,-369,-374,-12,754311,15707,-1149,-405,1466,-169,-1722,245,807451,15583,-1036,-199,763,-831,-635,179,698682,14022,-930,-548,-397,-1157,-930,165,288773,8832,35,281,1583,162,-185,-22
9/27/20,7071412,204213,-5728,-313,38073,-2421,-20698,1769,455626,33293,77,62,2929,-386,-379,-15,758756,15745,-1146,-643,386,-224,-2030,288,809890,15606,-886,-317,646,-653,-716,154,700564,14032,-994,-727,-990,-1085,-1251,183,290373,8845,-30,116,1724,-21,-427,30
9/28/20,7102858,204524,-11294,-3375,18074,-11385,-54601,10893,456460,33302,-451,28,1608,-812,-1721,427,761198,15807,-1342,-926,-39,-683,-3867,733,812711,15633,-1004,-353,-5,-1162,-1706,458,701302,14037,-1054,-778,-1263,-1101,-1617,347,292082,8858,-206,17,486,-422,-1887,388
9/29/20,7144368,205428,-10922,-1676,17111,-12390,-57292,10946,457649,33310,-657,-98,581,-865,-1609,487,767264,15902,-1069,-751,669,-650,-4143,700,815654,15782,-1084,-315,10,-1214,-1754,485,704568,14143,-1006,-742,-1513,-1073,-1580,358,293448,8881,-189,13,581,-347,-1901,363
9/30/20,7185227,206371,-6148,1107,22515,-9872,-59772,9108,458649,33324,-555,4,1003,-899,-1668,458,773019,16016,-788,-413,564,-339,-4239,571,819115,15885,-1035,-322,-120,-1217,-1826,467,706516,14317,-795,-647,-672,-1013,-1617,279,295720,8916,-83,40,786,-310,-2015,317
10/1/20,7230394,207227,-2413,6679,24448,-7417,-56024,7359,460031,33332,-315,326,1490,-708,-1499,331,776736,16130,-487,-156,852,-406,-4123,453,822205,15973,-920,-146,-215,-1084,-1739,459,709144,14444,-741,-546,-827,-898,-1537,242,297884,8940,7,261,528,-311,-1877,275
10/2/20,7283527,208126,-6553,3414,24606,-6044,-54181,7173,461629,33372,-671,80,1123,-817,-1580,421,782306,16224,-744,-363,446,-175,-4109,452,826013,16054,-1056,-223,-96,-1089,-1679,451,711804,14554,-802,-462,-850,-1032,-1547,263,300340,8992,-126,85,846,-185,-1833,240
10/3/20,7332611,208810,-3905,6999,44290,-822,-19378,674,463360,33375,-176,351,2596,-323,-534,43,787425,16295,-652,-89,1627,-45,-2197,135,829521,16115,-952,-106,289,-786,-693,180,714591,14628,-825,-485,-867,-1052,-1050,163,302782,9023,-25,387,1076,47,-447,29
10/4/20,7368704,209148,-3295,2296,35435,-1357,-24702,1320,464582,33389,-130,79,2339,-301,-547,15,790194,16320,-758,-398,650,-127,-2331,194,832713,16147,-794,-227,452,-584,-732,143,716459,14671,-910,-624,-1694,-1024,-1274,193,304235,9040,54,275,1410,-95,-595,39
10/5/20,7406850,209598,-7609,1462,20965,-9038,-58588,7899,465515,33402,-509,112,1350,-776,-1661,378,794319,16437,-1063,-634,171,-594,-4167,517,835507,16171,-938,-206,134,-1111,-1733,408,717874,14712,-895,-559,-1177,-1006,-1599,257,306088,9054,-193,69,717,-317,-1988,292
10/6/20,7449020,210303,-7960,2246,26593,-10010,-60590,8140,466908,33409,-514,158,1394,-712,-1651,356,798569,16528,-1046,-567,679,-514,-4453,571,838202,16244,-982,-224,278,-1187,-1776,438,720125,14767,-896,-476,-933,-970,-1628,271,307705,9085,-178,40,990,-353,-2020,293
10/7/20,7499858,211212,-8506,1103,26079,-9615,-58356,8669,468268,33421,-722,-103,924,-894,-1671,455,803690,16661,-1050,-463,622,-412,-4093,584,841928,16338,-1057,-341,139,-1316,-1758,463,722707,14904,-932,-580,-763,-989,-1536,277,310335,9127,-144,60,1036,-292,-1977,292
10/8/20,7556623,212170,-9323,1525,28619,-7222,-58264,9324,470104,33429,-438,172,1329,-656,-1584,379,807754,16767,-1006,-391,780,-364,-4216,634,845270,16418,-1015,-301,258,-1221,-1754,480,726013,15068,-919,-622,-694,-877,-1508,294,313429,9159,-146,95,1175,-330,-1931,292
10/9/20,7612478,213123,-13521,-2738,30857,-6846,-59544,9636,471696,33461,-665,13,1728,-567,-1666,405,812191,16871,-1386,-659,79,-433,-4493,777,849076,16486,-1052,-307,391,-1132,-1680,459,728921,15186,-933,-584,-779,-1010,-1544,316,316546,9191,-181,-52,1467,-185,-2150,250
10/10/20,7666403,213735,-11559,1087,39790,-3572,-18959,2174,473143,33466,-210,247,2579,-233,-462,54,815915,16943,-1021,-278,1144,-8,-2004,226,852410,16567,-965,-201,549,-914,-637,190,728921,15186,-921,-554,-781,-1042,-941,191,319451,9221,-68,288,1392,144,-381,-25
10/11/20,7712077,214133,-8240,-1563,27543,-2463,-23138,2275,474286,33469,65,77,2376,-342,-466,14,818426,16971,-1018,-491,445,-60,-2180,240,855190,16579,-723,-288,1078,-661,-693,148,734491,15364,-823,-561,-615,-925,-1153,168,322178,9230,120,141,1887,-37,-511,-10
10/12/20,7752230,214449,-11885,-4011,15735,-9110,-74086,12879,475315,33482,-448,-97,515,-768,-2596,649,821110,16995,-1217,-748,371,-279,-5817,868,857913,16586,-882,-312,738,-1189,-1949,467,736024,15412,-938,-649,-651,-847,-1837,330,324918,9243,-296,-108,413,-368,-3188,466
10/13/20,7805017,215250,-11841,-1120,21208,-10885,-59001,10746,476708,33490,-837,-175,467,-823,-1634,518,826816,17078,-1071,-640,993,-467,-4333,686,861310,16644,-955,-249,601,-1220,-1713,466,738749,15531,-917,-542,-647,-878,-1580,312,327771,9273,-274,-48,894,-341,-1976,353
10/14/20,7863382,216231,-8085,812,26522,-8752,-57016,10239,477940,33500,-545,-18,1518,-725,-1557,442,832736,17188,-876,-453,776,-254,-3994,668,865204,16729,-967,-308,394,-1229,-1703,477,741632,15595,-814,-523,-425,-912,-1519,301,330637,9320,-200,-41,828,-309,-1965,348
10/15/20,7927195,217052,-9130,1765,23850,-7663,-58759,10705,479400,33524,-561,0,1349,-703,-1493,427,837566,17283,-891,-405,805,-423,-4141,667,868148,16832,-958,-236,422,-1140,-1704,476,744988,15736,-816,-473,-612,-832,-1517,291,334651,9373,-246,87,627,-359,-1932,382
10/16/20,7995119,217927,-13788,-3291,16777,-7722,-57940,11044,481107,33533,-1057,-341,193,-927,-1596,591,843487,17375,-1117,-570,164,-353,-4153,661,871253,16910,-1004,-277,472,-1058,-1634,457,748437,15830,-893,-538,-694,-889,-1586,318,339757,9425,-316,-146,619,-276,-1907,333
10/17/20,8052061,218639,-9419,2435,40709,-1743,-18827,2053,482891,33547,-330,167,2459,-379,-455,95,848442,17440,-1001,-478,1071,-37,-2059,237,873614,16956,-894,-180,909,-741,-667,167,752481,15917,-782,-417,-120,-806,-972,131,343386,9452,-209,226,1303,27,-381,42
10/18/20,8100982,219024,-10075,-2367,26403,-1292,-24288,2534,484281,33559,-305,-98,2457,-366,-506,83,854006,17465,-944,-645,396,6,-2279,258,875692,16979,-735,-263,807,-590,-696,142,755020,15967,-796,-498,-573,-687,-1194,146,347631,9474,-397,-124,379,-261,-666,100
10/19/20,8166920,219471,-15420,-4959,12085,-10916,-55618,11176,485279,33575,-864,-230,862,-868,-1558,501,856948,17481,-1353,-960,84,-728,-3981,667,879645,16982,-984,-367,256,-1153,-1663,445,756727,16021,-982,-685,-1202,-905,-1561,303,350744,9496,-509,-216,26,-421,-1920,427
10/20/20,8227278,220410,-14867,-3338,16305,-12184,-56808,11790,486480,33582,-871,-179,768,-847,-1571,523,862277,17558,-1122,-807,638,-644,-4120,721,883746,17055,-988,-250,402,-1194,-1678,471,760389,16105,-922,-581,-1118,-905,-1570,330,354457,9537,-440,-164,143,-441,-1966,446
10/21/20,8289698,221530,-10960,-1543,19005,-10580,-54783,10888,488506,33589,-774,-167,1010,-878,-1558,507,868981,17652,-960,-556,656,-371,-3767,650,886939,17167,-978,-330,300,-1222,-1671,468,762533,16210,-859,-610,-1039,-987,-1508,330,358799,9605,-299,-130,453,-387,-1866,402
10/22/20,8362175,222376,-12526,-2165,20834,-9728,-55865,10770,490134,33614,-690,-81,1139,-765,-1466,442,871453,17659,-968,-585,850,-425,-4013,617,893364,17256,-1009,-301,288,-1194,-1694,478,768091,16267,-846,-529,-826,-817,-1511,288,363740,9647,-165,-43,889,-320,-1843,352
10/23/20,8443478,223304,-15853,-5606,17137,-9328,-54936,11157,491771,33625,-825,-200,1650,-823,-1533,445,878567,17773,-1264,-822,-285,-415,-4018,713,898799,17305,-1023,-351,345,-1044,-1600,452,771780,16340,-828,-511,-656,-883,-1591,292,368740,9688,-529,-282,66,-455,-2072,463
10/24/20,8527238,224224,-14576,-259,32519,-5819,-17783,2812,493832,33634,-546,46,2198,-579,-540,132,888362,17915,-1057,-491,763,-122,-1934,232,903684,17343,-910,-215,619,-872,-650,173,776251,16417,-824,-512,-468,-936,-983,146,374901,9751,-304,214,1191,-109,-330,67
10/25/20,8588520,224561,-15496,-4792,12945,-6810,-25801,3254,495464,33642,-502,-139,1804,-515,-538,97,892006,17955,-1065,-662,-152,-203,-2253,262,906596,17358,-774,-317,486,-800,-732,128,778636,16429,-777,-488,-468,-738,-1185,129,378958,9775,-427,-32,573,-334,-691,96
10/26/20,8653853,225035,-18162,-6400,1702,-13913,-55561,12261,496655,33650,-869,-228,215,-954,-1573,528,898302,17978,-1595,-995,-937,-739,-4010,843,910438,17386,-947,-352,45,-1254,-1704,399,782013,16449,-909,-557,-845,-918,-1511,260,383687,9792,-578,-238,-213,-633,-1958,454
10/27/20,8729098,226024,-16497,-3877,9247,-13534,-59471,12713,498646,33666,-771,-113,935,-862,-1524,478,904769,18061,-1821,-1126,-1003,-969,-5637,1117,914888,17460,-947,-320,230,-1258,-1688,448,786311,16505,-876,-499,-911,-848,-1527,300,387687,9838,-519,-188,-13,-577,-2001,481
10/28/20,8807240,227014,-14538,-3822,6820,-14042,-57504,12546,500677,33675,-746,-165,522,-969,-1564,509,911835,18162,-1498,-871,-840,-682,-4687,1004,919276,17529,-954,-346,105,-1262,-1654,463,790426,16571,-780,-505,-830,-951,-1489,296,393797,9889,-377,-108,297,-489,-1897,427
10/29/20,8896608,227992,-14657,-4488,1878,-13551,-60257,12649,503176,33694,-893,-299,-139,-1005,-1525,548,918721,18276,-770,-538,-77,-416,-4146,687,923648,17559,-905,-244,107,-1193,-1657,460,794624,16648,-766,-517,-871,-897,-1537,289,400159,9945,-387,-8,42,-503,-1984,458
10/30/20,8993742,228983,-10986,-141,10105,-11686,-55292,9848,505431,33724,-1019,-158,168,-1108,-1581,569,924447,18385,-685,-467,66,-536,-3798,526,928028,17618,-928,-170,149,-1106,-1580,427,800216,16720,-672,-369,-674,-895,-1533,238,408648,9994,-233,120,545,-415,-1952,349
10/31/20,9082280,229890,-12067,8734,33259,-8405,-16683,1617,507543,33730,-712,332,1844,-681,-502,122,932261,18465,-721,61,906,-322,-1673,130,932143,17659,-949,154,421,-927,-561,148,802547,16761,-704,-234,-381,-804,-930,92,416547,10040,-313,511,1584,-184,-397,55
11/1/20,9158329,230279,-15093,-5557,6144,-10823,-25612,3361,509735,33752,-884,-375,323,-854,-706,176,936816,18502,-913,-667,-151,-515,-2103,228,935878,17671,-904,-412,339,-816,-748,159,807412,16789,-804,-589,-996,-769,-1197,140,423527,10075,-482,-44,115,-522,-727,127
11/2/20,9239345,230770,-14744,-4402,3843,-14885,-54705,11257,511368,33763,-1053,-366,-45,-1062,-1581,556,942303,18534,-1138,-861,-309,-958,-3775,640,940411,17689,-933,-263,-49,-1216,-1605,432,812063,16834,-810,-496,-1133,-929,-1499,271,429749,10093,-455,-99,127,-623,-2094,422
11/3/20,9361863,231901,-271,5965,17513,-13955,-63469,10961,513689,33773,-418,181,789,-934,-1735,499,950302,18632,-455,-385,475,-754,-4156,673,945401,17745,-823,-124,162,-1244,-1675,472,816700,16890,-516,-283,-613,-935,-1551,283,436265,10161,185,197,1075,-486,-2973,468
11/4/20,9464658,232993,-16796,-6501,12352,-15339,-56243,12624,515815,33793,-955,-380,845,-1002,-1586,547,959811,18771,-1231,-854,126,-722,-3810,761,950920,17808,-1123,-469,-142,-1432,-1685,520,821123,16922,-912,-689,-1018,-1122,-1463,338,443803,10216,-603,-228,570,-556,-2034,467
11/5/20,9589961,234159,-16423,-3955,13246,-14793,-55342,12049,518812,33857,-806,-203,1048,-900,-1460,475,969490,18907,-1139,-745,351,-952,-3881,695,956854,17860,-1065,-376,-135,-1364,-1672,500,827380,16961,-870,-578,-1076,-977,-1435,311,453738,10313,-561,-97,635,-559,-1994,452
11/6/20,9713991,235303,-19122,-9181,16451,-14796,-53920,12211,522021,33872,-1023,-393,1361,-1030,-1524,536,977222,19046,-1262,-881,-63,-826,-3874,697,963211,17931,-1144,-483,-630,-1355,-1610,531,832625,17014,-880,-591,-1002,-1132,-1445,327,465540,10397,-623,-303,939,-531,-1993,441
11/7/20,9841873,236339,-14954,-2766,30924,-10558,-14401,3662,525608,33884,-576,-125,2704,-652,-392,131,985061,19146,-1105,-668,694,-542,-1759,284,969362,17961,-1046,-317,-627,-1258,-685,291,837077,17100,-852,-519,-963,-1046,-895,203,477978,10488,-385,150,1473,-306,-299,99
11/8/20,9951026,236791,-12325,-4765,26243,-10462,-23009,3221,529036,33903,-459,-175,2725,-653,-443,89,990930,19184,-1094,-801,-29,-506,-2056,266,972713,17973,-986,-479,-856,-1111,-815,240,843897,17121,-931,-605,-1576,-1104,-1229,221,487987,10538,-371,-37,1467,-398,-651,103
11/9/20,10070093,237469,-17264,-6300,8227,-16507,-55580,12457,532180,33923,-754,-166,1377,-967,-1525,477,998027,19223,-1388,-931,-369,-965,-3891,715,981297,18021,-973,-395,-547,-1461,-1643,492,847821,17179,-1119,-809,-1955,-1415,-1805,496,498560,10563,-515,-134,663,-627,-2119,451
11/10/20,10209919,238897,-16455,-3980,6523,-16005,-59693,13354,536145,33939,-678,-130,1309,-849,-1566,463,1010364,19337,-1194,-735,133,-668,-4212,754,989432,18066,-966,-292,-358,-1442,-1698,497,852174,17248,-885,-560,-1577,-1059,-1502,351,511183,10645,-705,-223,105,-703,-2231,542
11/11/20,10352886,240890,-13706,-5454,261,-17546,-81431,17251,540965,33961,-710,-322,128,-1179,-2468,776,1022336,19469,-967,-551,276,-519,-4917,843,995575,18108,-777,-326,57,-1514,-2422,608,858012,17300,-834,-576,-1695,-1306,-2459,584,523840,10798,-467,-29,110,-637,-3206,632